{"cameraMode":{"drawMode":0,"name":"Shaded","section":"Shading Mode"},"sceneLighting":true,"audioPlay":false,"sceneViewState":{"showFog":true,"showMaterialUpdate":false,"showSkybox":true,"showFlares":true,"showImageEffects":true,"showParticleSystems":true},"in2DMode":false,"pivot":{"x":29.800247192382814,"y":15.898344993591309,"z":-53.40452194213867},"rotation":{"x":0.44334879517555239,"y":0.06950459629297257,"z":-0.034513819962739947,"w":0.8930161595344544},"size":10.0,"orthographic":false}