{"cameraMode":{"drawMode":0,"name":"Shaded","section":"Shading Mode"},"sceneLighting":false,"audioPlay":false,"sceneViewState":{"showFog":true,"showMaterialUpdate":false,"showSkybox":false,"showFlares":true,"showImageEffects":true,"showParticleSystems":true},"in2DMode":false,"pivot":{"x":69.69999694824219,"y":0.6100000143051148,"z":-0.09999847412109375},"rotation":{"x":-0.19427943229675294,"y":0.2635122835636139,"z":-0.054270174354314807,"w":-0.9433331489562988},"size":59.630252838134769,"orthographic":false}