{"cameraMode":{"drawMode":0,"name":"Shaded","section":"Shading Mode"},"sceneLighting":false,"audioPlay":false,"sceneViewState":{"showFog":true,"showMaterialUpdate":false,"showSkybox":false,"showFlares":true,"showImageEffects":true,"showParticleSystems":true},"in2DMode":false,"pivot":{"x":11.350000381469727,"y":2.190000057220459,"z":24.700000762939454},"rotation":{"x":0.09264329820871353,"y":-0.8796887993812561,"z":0.19164153933525086,"w":0.42525923252105715},"size":9.898660659790039,"orthographic":true}