{"cameraMode":{"drawMode":0,"name":"Shaded","section":"Shading Mode"},"sceneLighting":false,"audioPlay":false,"sceneViewState":{"showFog":true,"showMaterialUpdate":false,"showSkybox":false,"showFlares":true,"showImageEffects":true,"showParticleSystems":true},"in2DMode":false,"pivot":{"x":11.724188804626465,"y":4.095667839050293,"z":16.129043579101564},"rotation":{"x":0.09264329820871353,"y":-0.8796887993812561,"z":0.19164153933525086,"w":0.42525923252105715},"size":6.368924140930176,"orthographic":true}